,Date,Time,Comp,Round,Day,Venue,Result,GF,GA,Opponent,xG,xGA,Poss,Attendance,Captain,Formation,Opp Formation,Referee,Match Report,Notes,Sh,SoT,SoT%,G/Sh,G/SoT,Dist,PK,PKatt,Season,Team
10,2019-06-11,21:00,World Cup,Group stage,Tue,Home,W,13,0,th Thailand,7.1,0.1,72.0,18591.0,Megan Rapinoe,4-3-3,4-4-1-1,Laura Fortunato,Match Report,,40.0,20.0,50.0,0.33,0.65,12.8,0.0,0.0,2019,United States Women
11,2019-06-16,18:00,World Cup,Group stage,Sun,Home,W,3,0,cl Chile,3.7,0.0,71.0,45594.0,Carli Lloyd,4-3-3,4-3-3,Riem Hussein,Match Report,,25.0,9.0,36.0,0.12,0.33,16.0,0.0,1.0,2019,United States Women
12,2019-06-20,21:00,World Cup,Group stage,Thu,Away,W,2,0,se Sweden,2.1,0.4,61.0,22418.0,Alex Morgan,4-3-3,4-2-3-1,Anastasia Pustovoitova,Match Report,,16.0,4.0,25.0,0.06,0.25,18.8,0.0,0.0,2019,United States Women
13,2019-06-24,18:00,World Cup,Round of 16,Mon,Away,W,2,1,es Spain,2.4,0.2,55.0,19633.0,Megan Rapinoe,4-3-3,4-3-3,Katalin Kulcsár,Match Report,,8.0,0.0,0.0,0.0,,22.3,2.0,2.0,2019,United States Women
14,2019-06-28,21:00,World Cup,Quarter-finals,Fri,Away,W,2,1,fr France,1.1,1.6,40.0,45595.0,Alex Morgan,4-3-3,4-2-3-1,Kateryna Monzul,Match Report,,10.0,8.0,80.0,0.2,0.25,18.9,0.0,0.0,2019,United States Women
15,2019-07-02,21:00,World Cup,Semi-finals,Tue,Away,W,2,1,eng England,0.9,1.7,43.0,53512.0,Alex Morgan,4-3-3,4-2-3-1,,Match Report,,10.0,4.0,40.0,0.2,0.5,16.5,0.0,0.0,2019,United States Women
16,2019-07-07,17:00,World Cup,Final,Sun,Home,W,2,0,nl Netherlands,3.0,0.2,53.0,57900.0,Megan Rapinoe,4-3-3,4-2-3-1,Stéphanie Frappart,Match Report,,16.0,9.0,56.3,0.06,0.11,15.8,1.0,1.0,2019,United States Women
19,2019-06-11,15:00,World Cup,Group stage,Tue,Away,W,1,0,nz New Zealand,2.4,0.7,69.0,10654.0,Sari van Veenendaal,4-3-3,4-4-1-1,Edina Alves Batista,Match Report,,16.0,3.0,18.8,0.06,0.33,13.6,0.0,0.0,2019,Netherlands Women
20,2019-06-15,15:00,World Cup,Group stage,Sat,Home,W,3,1,cm Cameroon,1.6,1.2,61.0,22423.0,Sari van Veenendaal,4-3-3,4-3-3,Casey Reibelt,Match Report,,11.0,4.0,36.4,0.27,0.75,18.9,0.0,0.0,2019,Netherlands Women
21,2019-06-20,18:00,World Cup,Group stage,Thu,Home,W,2,1,ca Canada,1.8,1.3,49.0,19277.0,Sari van Veenendaal,4-3-3,4-4-2,Stéphanie Frappart,Match Report,,8.0,2.0,25.0,0.25,1.0,15.3,0.0,0.0,2019,Netherlands Women
22,2019-06-25,21:00,World Cup,Round of 16,Tue,Home,W,2,1,jp Japan,1.8,1.2,53.0,21076.0,Sari van Veenendaal,4-3-3,4-4-2,Melissa Borjas,Match Report,,11.0,4.0,36.4,0.09,0.25,17.4,1.0,1.0,2019,Netherlands Women
23,2019-06-29,15:00,World Cup,Quarter-finals,Sat,Away,W,2,0,it Italy,1.6,1.2,63.0,22600.0,Sari van Veenendaal,4-3-3,4-4-2,Claudia Umpiérrez,Match Report,,20.0,9.0,45.0,0.1,0.22,17.8,0.0,0.0,2019,Netherlands Women
24,2019-07-03,21:00,World Cup,Semi-finals,Wed,Home,W,1,0,se Sweden,1.3,0.6,56.0,48452.0,Sari van Veenendaal,4-3-3,4-2-3-1,Marie-Soleil Beaudoin,Match Report,Required Extra Time,15.0,4.0,26.7,0.07,0.25,18.9,0.0,0.0,2019,Netherlands Women
25,2019-07-07,17:00,World Cup,Final,Sun,Away,L,0,2,us USA,0.2,3.0,47.0,57900.0,Sari van Veenendaal,4-2-3-1,4-3-3,Stéphanie Frappart,Match Report,,5.0,1.0,20.0,0.0,0.0,27.2,0.0,0.0,2019,Netherlands Women
14,2019-06-11,18:00,World Cup,Group stage,Tue,Away,W,2,0,cl Chile,2.5,0.2,69.0,15875.0,Caroline Seger,4-2-3-1,4-3-3,Lucila Venegas,Match Report,,24.0,6.0,25.0,0.08,0.33,16.0,0.0,0.0,2019,Sweden Women
15,2019-06-16,15:00,World Cup,Group stage,Sun,Home,W,5,1,th Thailand,5.2,0.6,72.0,9354.0,Caroline Seger,4-2-3-1,4-5-1,Salma Mukansanga,Match Report,,34.0,11.0,32.4,0.12,0.36,14.6,1.0,1.0,2019,Sweden Women
16,2019-06-20,21:00,World Cup,Group stage,Thu,Home,L,0,2,us USA,0.4,2.1,39.0,22418.0,Caroline Seger,4-2-3-1,4-3-3,Anastasia Pustovoitova,Match Report,,7.0,2.0,28.6,0.0,0.0,18.0,0.0,0.0,2019,Sweden Women
17,2019-06-24,21:00,World Cup,Round of 16,Mon,Home,W,1,0,ca Canada,1.3,1.2,41.0,38078.0,Caroline Seger,4-2-3-1,4-2-3-1,Kate Jacewicz,Match Report,,8.0,2.0,25.0,0.13,0.5,17.0,0.0,0.0,2019,Sweden Women
18,2019-06-29,18:30,World Cup,Quarter-finals,Sat,Away,W,2,1,de Germany,2.3,1.8,37.0,25301.0,Caroline Seger,4-2-3-1,4-4-2,Stéphanie Frappart,Match Report,,12.0,6.0,50.0,0.17,0.33,15.3,0.0,0.0,2019,Sweden Women
19,2019-07-03,21:00,World Cup,Semi-finals,Wed,Away,L,0,1,nl Netherlands,0.6,1.3,44.0,48452.0,Caroline Seger,4-2-3-1,4-3-3,Marie-Soleil Beaudoin,Match Report,Required Extra Time,11.0,3.0,27.3,0.0,0.0,16.6,0.0,0.0,2019,Sweden Women
20,2019-07-06,17:00,World Cup,Third-place match,Sat,Away,W,2,1,eng England,0.9,0.9,39.0,20316.0,Caroline Seger,4-2-3-1,4-1-4-1,Anastasia Pustovoitova,Match Report,,8.0,7.0,87.5,0.25,0.29,18.5,0.0,0.0,2019,Sweden Women
15,2019-06-09,18:00,World Cup,Group stage,Sun,Home,W,2,1,sct Scotland,2.0,0.9,59.0,13188.0,Steph Houghton,4-1-4-1,4-2-3-1,Jana Adamkova,Match Report,,13.0,5.0,38.5,0.08,0.2,19.9,1.0,1.0,2019,England Women
16,2019-06-14,21:00,World Cup,Group stage,Fri,Home,W,1,0,ar Argentina,3.4,0.1,74.0,20294.0,Steph Houghton,4-1-4-1,4-5-1,Qin Liang,Match Report,,16.0,6.0,37.5,0.06,0.17,14.6,0.0,1.0,2019,England Women
17,2019-06-19,21:00,World Cup,Group stage,Wed,Away,W,2,0,jp Japan,1.7,1.4,52.0,14319.0,Steph Houghton,4-1-4-1,4-4-2,Claudia Umpiérrez,Match Report,,14.0,6.0,42.9,0.14,0.33,21.0,0.0,0.0,2019,England Women
18,2019-06-23,17:30,World Cup,Round of 16,Sun,Home,W,3,0,cm Cameroon,2.1,0.5,68.0,20148.0,Steph Houghton,4-1-4-1,4-2-3-1,Qin Liang,Match Report,,7.0,3.0,42.9,0.43,1.0,14.4,0.0,0.0,2019,England Women
19,2019-06-27,21:00,World Cup,Quarter-finals,Thu,Away,W,3,0,no Norway,3.4,0.8,50.0,21111.0,Steph Houghton,4-1-4-1,4-4-2,Lucila Venegas,Match Report,,15.0,5.0,33.3,0.2,0.6,14.7,0.0,1.0,2019,England Women
20,2019-07-02,21:00,World Cup,Semi-finals,Tue,Home,L,1,2,us USA,1.7,0.9,57.0,53512.0,Steph Houghton,4-2-3-1,4-3-3,,Match Report,,5.0,3.0,60.0,0.2,0.33,15.9,0.0,1.0,2019,England Women
21,2019-07-06,17:00,World Cup,Third-place match,Sat,Home,L,1,2,se Sweden,0.9,0.9,61.0,20316.0,Steph Houghton,4-1-4-1,4-2-3-1,Anastasia Pustovoitova,Match Report,,14.0,3.0,21.4,0.07,0.33,24.3,0.0,0.0,2019,England Women
12,2019-06-08,15:00,World Cup,Group stage,Sat,Home,W,1,0,cn China PR,0.8,0.8,58.0,15283.0,Alexandra Popp,4-5-1,4-4-2,Marie-Soleil Beaudoin,Match Report,,16.0,4.0,25.0,0.06,0.25,19.1,0.0,0.0,2019,Germany Women
13,2019-06-12,18:00,World Cup,Group stage,Wed,Home,W,1,0,es Spain,1.7,0.9,38.0,20761.0,Alexandra Popp,4-4-2,4-3-3,Kateryna Monzul,Match Report,,13.0,7.0,53.8,0.08,0.14,15.4,0.0,0.0,2019,Germany Women
14,2019-06-17,18:00,World Cup,Group stage,Mon,Away,W,4,0,za South Africa,5.1,0.5,59.0,15502.0,Alexandra Popp,4-4-2,4-1-4-1,Sandra Braz,Match Report,,23.0,12.0,52.2,0.17,0.33,12.5,0.0,0.0,2019,Germany Women
15,2019-06-22,17:30,World Cup,Round of 16,Sat,Home,W,3,0,ng Nigeria,1.8,0.4,67.0,17988.0,Alexandra Popp,4-4-2,4-4-2,Yoshimi Yamashita,Match Report,,12.0,3.0,25.0,0.17,0.67,20.1,1.0,1.0,2019,Germany Women
16,2019-06-29,18:30,World Cup,Quarter-finals,Sat,Home,L,1,2,se Sweden,1.8,2.3,63.0,25301.0,Alexandra Popp,4-4-2,4-2-3-1,Stéphanie Frappart,Match Report,,13.0,6.0,46.2,0.08,0.17,20.8,0.0,0.0,2019,Germany Women
7,2019-06-07,21:00,World Cup,Group stage,Fri,Home,W,4,0,kr Korea Rep,1.6,0.4,66.0,45261.0,Amandine Henry,4-2-2-2,4-4-1-1,Claudia Umpiérrez,Match Report,,21.0,8.0,38.1,0.19,0.5,19.8,0.0,0.0,2019,France Women
8,2019-06-12,21:00,World Cup,Group stage,Wed,Home,W,2,1,no Norway,2.1,0.2,44.0,34872.0,Amandine Henry,4-4-2,4-4-2,Bibiana Steinhaus,Match Report,,15.0,5.0,33.3,0.07,0.2,17.1,1.0,1.0,2019,France Women
9,2019-06-17,21:00,World Cup,Group stage,Mon,Away,W,1,0,ng Nigeria,2.7,0.0,71.0,28267.0,Amandine Henry,4-4-2,4-3-3,Melissa Borjas,Match Report,,21.0,3.0,14.3,0.0,0.0,16.2,1.0,1.0,2019,France Women
10,2019-06-23,21:00,World Cup,Round of 16,Sun,Home,W,2,1,br Brazil,3.1,1.3,52.0,,Amandine Henry,4-4-2,4-4-2,Marie-Soleil Beaudoin,Match Report,Required Extra Time,17.0,3.0,17.6,0.12,0.67,14.4,0.0,0.0,2019,France Women
11,2019-06-28,21:00,World Cup,Quarter-finals,Fri,Home,L,1,2,us USA,1.6,1.1,60.0,45595.0,Amandine Henry,4-2-3-1,4-3-3,Kateryna Monzul,Match Report,,20.0,5.0,25.0,0.05,0.2,18.2,0.0,0.0,2019,France Women
13,2019-06-09,13:00,World Cup,Group stage,Sun,Away,W,2,1,au Australia,0.8,2.0,38.0,15380.0,Sara Gama,4-1-2-1-2◆,4-1-4-1,Melissa Borjas,Match Report,,6.0,3.0,50.0,0.33,0.67,18.6,0.0,0.0,2019,Italy Women
14,2019-06-14,18:00,World Cup,Group stage,Fri,Away,W,5,0,jm Jamaica,3.4,0.3,56.0,12016.0,Sara Gama,4-3-1-2,4-4-2,,Match Report,,14.0,6.0,42.9,0.29,0.67,17.6,1.0,1.0,2019,Italy Women
15,2019-06-18,21:00,World Cup,Group stage,Tue,Home,L,0,1,br Brazil,1.1,1.5,47.0,21669.0,Sara Gama,4-3-1-2,4-4-1-1,Lucila Venegas,Match Report,,11.0,4.0,36.4,0.0,0.0,19.1,0.0,0.0,2019,Italy Women
16,2019-06-25,18:00,World Cup,Round of 16,Tue,Home,W,2,0,cn China PR,1.4,0.8,38.0,17492.0,Sara Gama,4-3-1-2,4-4-2,Edina Alves Batista,Match Report,,17.0,5.0,29.4,0.12,0.4,24.4,0.0,0.0,2019,Italy Women
17,2019-06-29,15:00,World Cup,Quarter-finals,Sat,Home,L,0,2,nl Netherlands,1.2,1.6,37.0,22600.0,Sara Gama,4-4-2,4-3-3,Claudia Umpiérrez,Match Report,,8.0,4.0,50.0,0.0,0.0,20.1,0.0,0.0,2019,Italy Women
15,2019-06-08,21:00,World Cup,Group stage,Sat,Home,W,3,0,ng Nigeria,0.6,0.8,58.0,11058.0,Maren Mjelde,4-4-2,4-3-3,Kate Jacewicz,Match Report,,10.0,4.0,40.0,0.2,0.5,18.3,0.0,0.0,2019,Norway Women
16,2019-06-12,21:00,World Cup,Group stage,Wed,Away,L,1,2,fr France,0.2,2.1,56.0,34872.0,Maren Mjelde,4-4-2,4-4-2,Bibiana Steinhaus,Match Report,,4.0,1.0,25.0,0.0,0.0,13.2,0.0,0.0,2019,Norway Women
17,2019-06-17,21:00,World Cup,Group stage,Mon,Away,W,2,1,kr Korea Rep,2.2,2.3,44.0,13034.0,Maren Mjelde,4-4-2,4-4-2,Marie-Soleil Beaudoin,Match Report,,6.0,0.0,0.0,0.0,,23.7,2.0,2.0,2019,Norway Women
18,2019-06-22,21:00,World Cup,Round of 16,Sat,Home,D,1 (4),1 (1),au Australia,2.2,1.5,47.0,,Maren Mjelde,4-4-1-1,4-3-3,Riem Hussein,Match Report,Norway won on penalty kicks following extra time,27.0,8.0,29.6,0.04,0.13,19.9,0.0,0.0,2019,Norway Women
19,2019-06-27,21:00,World Cup,Quarter-finals,Thu,Home,L,0,3,eng England,0.8,3.4,50.0,21111.0,Maren Mjelde,4-4-2,4-1-4-1,Lucila Venegas,Match Report,,12.0,3.0,25.0,0.0,0.0,18.6,0.0,0.0,2019,Norway Women
2,2019-06-09,13:00,World Cup,Group stage,Sun,Home,L,1,2,it Italy,2.0,0.8,62.0,15380.0,Sam Kerr,4-1-4-1,4-1-2-1-2,Melissa Borjas,Match Report,,15.0,4.0,26.7,0.07,0.25,15.7,0.0,1.0,2019,Australia Women
3,2019-06-13,18:00,World Cup,Group stage,Thu,Home,W,3,2,br Brazil,1.3,1.5,56.0,17032.0,Sam Kerr,4-3-3,4-1-4-1,Esther Staubli,Match Report,,11.0,5.0,45.5,0.18,0.4,16.7,0.0,0.0,2019,Australia Women
4,2019-06-18,21:00,World Cup,Group stage,Tue,Away,W,4,1,jm Jamaica,2.2,0.9,73.0,17402.0,Sam Kerr,4-3-3,4-2-3-1,Katalin Kulcsár,Match Report,,12.0,7.0,58.3,0.33,0.57,12.7,0.0,0.0,2019,Australia Women
5,2019-06-22,21:00,World Cup,Round of 16,Sat,Away,D,1 (1),1 (4),no Norway,1.5,2.2,53.0,,Sam Kerr,4-3-3,4-4-1-1,Riem Hussein,Match Report,Norway won on penalty kicks following extra time,19.0,4.0,21.1,0.05,0.25,18.1,0.0,0.0,2019,Australia Women
5,2019-06-09,15:30,World Cup,Group stage,Sun,Home,W,3,0,jm Jamaica,3.7,1.1,61.0,17668.0,Mônica,4-4-2,4-3-3,Riem Hussein,Match Report,,18.0,6.0,33.3,0.17,0.5,18.6,0.0,1.0,2019,Brazil Women
6,2019-06-13,18:00,World Cup,Group stage,Thu,Away,L,2,3,au Australia,1.5,1.3,44.0,17032.0,Marta,4-1-4-1,4-3-3,Esther Staubli,Match Report,,10.0,2.0,20.0,0.1,0.5,19.0,1.0,1.0,2019,Brazil Women
7,2019-06-18,21:00,World Cup,Group stage,Tue,Away,W,1,0,it Italy,1.5,1.1,53.0,21669.0,Marta,4-4-1-1,4-3-1-2,Lucila Venegas,Match Report,,11.0,2.0,18.2,0.0,0.0,16.0,1.0,1.0,2019,Brazil Women
8,2019-06-23,21:00,World Cup,Round of 16,Sun,Away,L,1,2,fr France,1.3,3.1,48.0,,Marta,4-4-2,4-4-2,Marie-Soleil Beaudoin,Match Report,Required Extra Time,14.0,7.0,50.0,0.07,0.14,23.5,0.0,0.0,2019,Brazil Women
8,2019-06-10,21:00,World Cup,Group stage,Mon,Home,W,1,0,cm Cameroon,1.3,0.4,73.0,10710.0,Christine Sinclair,4-4-2,5-4-1,Ri Hyang Ok,Match Report,,15.0,4.0,26.7,0.07,0.25,18.1,0.0,0.0,2019,Canada Women
9,2019-06-15,21:00,World Cup,Group stage,Sat,Home,W,2,0,nz New Zealand,3.7,0.1,68.0,14856.0,Christine Sinclair,3-5-1-1,4-4-2,Yoshimi Yamashita,Match Report,,24.0,5.0,20.8,0.08,0.4,17.3,0.0,0.0,2019,Canada Women
10,2019-06-20,18:00,World Cup,Group stage,Thu,Away,L,1,2,nl Netherlands,1.3,1.8,51.0,19277.0,Christine Sinclair,4-4-2,4-3-3,Stéphanie Frappart,Match Report,,12.0,2.0,16.7,0.08,0.5,21.7,0.0,0.0,2019,Canada Women
11,2019-06-24,21:00,World Cup,Round of 16,Mon,Away,L,0,1,se Sweden,1.2,1.3,59.0,38078.0,Christine Sinclair,4-2-3-1,4-2-3-1,Kate Jacewicz,Match Report,,10.0,0.0,0.0,0.0,,21.9,0.0,1.0,2019,Canada Women
18,2019-06-08,18:00,World Cup,Group stage,Sat,Home,W,3,1,za South Africa,3.4,0.5,72.0,12044.0,Marta Torrejón,4-3-3,4-4-2,Maria Carvajal,Match Report,,25.0,10.0,40.0,0.04,0.1,18.8,2.0,2.0,2019,Spain Women
19,2019-06-12,18:00,World Cup,Group stage,Wed,Away,L,0,1,de Germany,0.9,1.7,62.0,20761.0,Marta Torrejón,4-3-3,4-4-2,Kateryna Monzul,Match Report,,16.0,2.0,12.5,0.0,0.0,21.8,0.0,0.0,2019,Spain Women
20,2019-06-17,18:00,World Cup,Group stage,Mon,Away,D,0,0,cn China PR,1.7,0.1,63.0,11814.0,Irene Paredes,4-4-2,4-4-2,Edina Alves Batista,Match Report,,24.0,9.0,37.5,0.0,0.0,18.7,0.0,0.0,2019,Spain Women
21,2019-06-24,18:00,World Cup,Round of 16,Mon,Home,L,1,2,us USA,0.2,2.4,45.0,19633.0,Irene Paredes,4-3-3,4-3-3,Katalin Kulcsár,Match Report,,4.0,1.0,25.0,0.25,1.0,20.1,0.0,0.0,2019,Spain Women
6,2019-06-10,18:00,World Cup,Group stage,Mon,Away,D,0,0,ar Argentina,0.4,0.2,70.0,25055.0,Saki Kumagai,4-4-2,4-1-4-1,Stéphanie Frappart,Match Report,,8.0,2.0,25.0,0.0,0.0,19.6,0.0,0.0,2019,Japan Women
7,2019-06-14,15:00,World Cup,Group stage,Fri,Home,W,2,1,sct Scotland,2.6,0.9,50.0,13201.0,Saki Kumagai,4-4-2,4-4-2,Lidya Tafesse,Match Report,,18.0,5.0,27.8,0.06,0.2,18.0,1.0,1.0,2019,Japan Women
8,2019-06-19,21:00,World Cup,Group stage,Wed,Home,L,0,2,eng England,1.4,1.7,48.0,14319.0,Saki Kumagai,4-4-2,4-1-4-1,Claudia Umpiérrez,Match Report,,16.0,4.0,25.0,0.0,0.0,22.6,0.0,0.0,2019,Japan Women
9,2019-06-25,21:00,World Cup,Round of 16,Tue,Away,L,1,2,nl Netherlands,1.2,1.8,47.0,21076.0,Saki Kumagai,4-4-2,4-3-3,Melissa Borjas,Match Report,,12.0,4.0,33.3,0.08,0.25,16.4,0.0,0.0,2019,Japan Women
4,2019-06-08,15:00,World Cup,Group stage,Sat,Away,L,0,1,de Germany,0.8,0.8,42.0,15283.0,Wu Haiyan,4-4-2,4-5-1,Marie-Soleil Beaudoin,Match Report,,5.0,1.0,20.0,0.0,0.0,12.9,0.0,0.0,2019,China PR Women
5,2019-06-13,21:00,World Cup,Group stage,Thu,Away,W,1,0,za South Africa,1.2,0.2,52.0,20011.0,Wu Haiyan,4-4-2,4-1-4-1,Katalin Kulcsár,Match Report,,16.0,3.0,18.8,0.06,0.33,15.1,0.0,0.0,2019,China PR Women
6,2019-06-17,18:00,World Cup,Group stage,Mon,Home,D,0,0,es Spain,0.1,1.7,37.0,11814.0,Wu Haiyan,4-4-2,4-4-2,Edina Alves Batista,Match Report,,1.0,0.0,0.0,0.0,,13.5,0.0,0.0,2019,China PR Women
7,2019-06-25,18:00,World Cup,Round of 16,Tue,Away,L,0,2,it Italy,0.8,1.4,62.0,17492.0,Wu Haiyan,4-4-2,4-3-1-2,Edina Alves Batista,Match Report,,20.0,6.0,30.0,0.0,0.0,22.2,0.0,0.0,2019,China PR Women
1,2019-06-10,21:00,World Cup,Group stage,Mon,Away,L,0,1,ca Canada,0.4,1.3,27.0,10710.0,Christine Manie,5-4-1,4-4-2,Ri Hyang Ok,Match Report,,4.0,0.0,0.0,0.0,,19.4,0.0,0.0,2019,Cameroon Women
2,2019-06-15,15:00,World Cup,Group stage,Sat,Away,L,1,3,nl Netherlands,1.2,1.6,39.0,22423.0,Christine Manie,4-3-3,4-3-3,Casey Reibelt,Match Report,,11.0,2.0,18.2,0.09,0.5,24.6,0.0,0.0,2019,Cameroon Women
3,2019-06-20,18:00,World Cup,Group stage,Thu,Home,W,2,1,nz New Zealand,3.1,0.5,43.0,8009.0,Gabrielle Onguene,4-3-3,5-3-2,Kateryna Monzul,Match Report,,22.0,6.0,27.3,0.09,0.33,20.9,0.0,0.0,2019,Cameroon Women
4,2019-06-23,17:30,World Cup,Round of 16,Sun,Away,L,0,3,eng England,0.5,2.1,32.0,20148.0,Gabrielle Onguene,4-2-3-1,4-1-4-1,Qin Liang,Match Report,,6.0,2.0,33.3,0.0,0.0,25.5,0.0,0.0,2019,Cameroon Women
1,2019-06-08,21:00,World Cup,Group stage,Sat,Away,L,0,3,no Norway,0.8,0.6,42.0,11058.0,Desire Oparanozie,4-3-3,4-4-2,Kate Jacewicz,Match Report,,10.0,2.0,20.0,0.0,0.0,17.7,0.0,0.0,2019,Nigeria Women
2,2019-06-12,15:00,World Cup,Group stage,Wed,Home,W,2,0,kr Korea Rep,1.1,0.8,37.0,11252.0,Desire Oparanozie,4-3-3,4-4-1-1,Anastasia Pustovoitova,Match Report,,11.0,2.0,18.2,0.09,0.5,24.8,0.0,0.0,2019,Nigeria Women
3,2019-06-17,21:00,World Cup,Group stage,Mon,Home,L,0,1,fr France,0.0,2.7,29.0,28267.0,Desire Oparanozie,4-3-3,4-4-2,Melissa Borjas,Match Report,,1.0,0.0,0.0,0.0,,23.5,0.0,0.0,2019,Nigeria Women
4,2019-06-22,17:30,World Cup,Round of 16,Sat,Away,L,0,3,de Germany,0.4,1.8,33.0,17988.0,Desire Oparanozie,4-4-2,4-4-2,Yoshimi Yamashita,Match Report,,8.0,2.0,25.0,0.0,0.0,19.1,0.0,0.0,2019,Nigeria Women
7,2019-06-11,18:00,World Cup,Group stage,Tue,Home,L,0,2,se Sweden,0.2,2.5,31.0,15875.0,Christiane Endler,4-3-3,4-2-3-1,Lucila Venegas,Match Report,,5.0,1.0,20.0,0.0,0.0,28.2,0.0,0.0,2019,Chile Women
8,2019-06-16,18:00,World Cup,Group stage,Sun,Away,L,0,3,us USA,0.0,3.7,29.0,45594.0,Christiane Endler,4-3-3,4-3-3,Riem Hussein,Match Report,,1.0,0.0,0.0,0.0,,36.1,0.0,0.0,2019,Chile Women
9,2019-06-20,21:00,World Cup,Group stage,Thu,Away,W,2,0,th Thailand,2.7,0.3,65.0,13567.0,Christiane Endler,4-3-3,4-5-1,Anna-Marie Keighley,Match Report,,29.0,5.0,17.2,0.03,0.2,19.2,0.0,1.0,2019,Chile Women
1,2019-06-10,18:00,World Cup,Group stage,Mon,Home,D,0,0,jp Japan,0.2,0.4,30.0,25055.0,Estefanía Banini,4-1-4-1,4-4-2,Stéphanie Frappart,Match Report,,5.0,1.0,20.0,0.0,0.0,20.7,0.0,0.0,2019,Argentina Women
2,2019-06-14,21:00,World Cup,Group stage,Fri,Away,L,0,1,eng England,0.1,3.4,26.0,20294.0,Estefanía Banini,4-5-1,4-1-4-1,Qin Liang,Match Report,,2.0,1.0,50.0,0.0,0.0,31.8,0.0,0.0,2019,Argentina Women
3,2019-06-19,21:00,World Cup,Group stage,Wed,Away,D,3,3,sct Scotland,1.6,2.2,49.0,28205.0,Estefanía Banini,4-4-1-1,4-2-3-1,Ri Hyang Ok,Match Report,,10.0,4.0,40.0,0.1,0.25,25.4,1.0,1.0,2019,Argentina Women
16,2019-06-09,18:00,World Cup,Group stage,Sun,Away,L,1,2,eng England,0.9,2.0,41.0,13188.0,Rachel Corsie,4-2-3-1,4-1-4-1,Jana Adamkova,Match Report,,7.0,3.0,42.9,0.14,0.33,17.7,0.0,0.0,2019,Scotland Women
17,2019-06-14,15:00,World Cup,Group stage,Fri,Away,L,1,2,jp Japan,0.9,2.6,50.0,13201.0,Rachel Corsie,4-4-2,4-4-2,Lidya Tafesse,Match Report,,12.0,4.0,33.3,0.08,0.25,20.7,0.0,0.0,2019,Scotland Women
18,2019-06-19,21:00,World Cup,Group stage,Wed,Home,D,3,3,ar Argentina,2.2,1.6,51.0,28205.0,Rachel Corsie,4-2-3-1,4-4-1-1,Ri Hyang Ok,Match Report,,11.0,6.0,54.5,0.27,0.5,14.5,0.0,0.0,2019,Scotland Women
5,2019-06-11,15:00,World Cup,Group stage,Tue,Home,L,0,1,nl Netherlands,0.7,2.4,31.0,10654.0,Ali Riley,4-4-1-1,4-3-3,Edina Alves Batista,Match Report,,5.0,3.0,60.0,0.0,0.0,21.1,0.0,0.0,2019,New Zealand Women
6,2019-06-15,21:00,World Cup,Group stage,Sat,Away,L,0,2,ca Canada,0.1,3.7,32.0,14856.0,Ali Riley,4-4-2,3-5-1-1,Yoshimi Yamashita,Match Report,,2.0,0.0,0.0,0.0,,11.1,0.0,0.0,2019,New Zealand Women
7,2019-06-20,18:00,World Cup,Group stage,Thu,Away,L,1,2,cm Cameroon,0.5,3.1,57.0,8009.0,Ali Riley,5-3-2,4-3-3,Kateryna Monzul,Match Report,,9.0,1.0,11.1,0.0,0.0,14.8,0.0,0.0,2019,New Zealand Women
3,2019-06-07,21:00,World Cup,Group stage,Fri,Away,L,0,4,fr France,0.4,1.6,34.0,45261.0,Cho So-hyun,4-4-1-1,4-2-2-2,Claudia Umpiérrez,Match Report,,4.0,0.0,0.0,0.0,,24.0,0.0,0.0,2019,Korea Republic Women
4,2019-06-12,15:00,World Cup,Group stage,Wed,Away,L,0,2,ng Nigeria,0.8,1.1,63.0,11252.0,Cho So-hyun,4-4-1-1,4-3-3,Anastasia Pustovoitova,Match Report,,16.0,6.0,37.5,0.0,0.0,20.5,0.0,0.0,2019,Korea Republic Women
5,2019-06-17,21:00,World Cup,Group stage,Mon,Home,L,1,2,no Norway,2.3,2.2,56.0,13034.0,Cho So-hyun,4-4-2,4-4-2,Marie-Soleil Beaudoin,Match Report,,22.0,6.0,27.3,0.05,0.17,17.8,0.0,0.0,2019,Korea Republic Women
5,2019-06-08,18:00,World Cup,Group stage,Sat,Away,L,1,3,es Spain,0.5,3.4,28.0,12044.0,Janine van Wyk,4-4-2,4-3-3,Maria Carvajal,Match Report,,5.0,2.0,40.0,0.2,0.5,22.8,0.0,0.0,2019,South Africa Women
6,2019-06-13,21:00,World Cup,Group stage,Thu,Home,L,0,1,cn China PR,0.2,1.2,48.0,20011.0,Janine van Wyk,4-1-4-1,4-4-2,Katalin Kulcsár,Match Report,,5.0,1.0,20.0,0.0,0.0,19.2,0.0,0.0,2019,South Africa Women
7,2019-06-17,18:00,World Cup,Group stage,Mon,Home,L,0,4,de Germany,0.5,5.1,41.0,15502.0,Janine van Wyk,4-1-4-1,4-4-2,Sandra Braz,Match Report,,6.0,1.0,16.7,0.0,0.0,25.7,0.0,0.0,2019,South Africa Women
5,2019-06-09,15:30,World Cup,Group stage,Sun,Away,L,0,3,br Brazil,1.1,3.7,39.0,17668.0,Konya Plummer,4-3-3,4-4-2,Riem Hussein,Match Report,,14.0,3.0,21.4,0.0,0.0,20.4,0.0,0.0,2019,Jamaica Women
6,2019-06-14,18:00,World Cup,Group stage,Fri,Home,L,0,5,it Italy,0.3,3.4,44.0,12016.0,Konya Plummer,4-4-2,4-3-1-2,,Match Report,,9.0,1.0,11.1,0.0,0.0,22.4,0.0,0.0,2019,Jamaica Women
7,2019-06-18,21:00,World Cup,Group stage,Tue,Home,L,1,4,au Australia,0.9,2.2,27.0,17402.0,Konya Plummer,4-2-3-1,4-3-3,Katalin Kulcsár,Match Report,,10.0,3.0,30.0,0.1,0.33,18.9,0.0,0.0,2019,Jamaica Women
2,2019-06-11,21:00,World Cup,Group stage,Tue,Away,L,0,13,us USA,0.1,7.1,28.0,18591.0,Kanjana Sungngoen,4-4-1-1,4-3-3,Laura Fortunato,Match Report,,2.0,2.0,100.0,0.0,0.0,26.6,0.0,0.0,2019,Thailand Women
3,2019-06-16,15:00,World Cup,Group stage,Sun,Away,L,1,5,se Sweden,0.6,5.2,28.0,9354.0,Kanjana Sungngoen,4-5-1,4-2-3-1,Salma Mukansanga,Match Report,,5.0,3.0,60.0,0.2,0.33,21.0,0.0,0.0,2019,Thailand Women
4,2019-06-20,21:00,World Cup,Group stage,Thu,Home,L,0,2,cl Chile,0.3,2.7,35.0,13567.0,Kanjana Sungngoen,4-5-1,4-3-3,Anna-Marie Keighley,Match Report,,5.0,2.0,40.0,0.0,0.0,21.2,0.0,0.0,2019,Thailand Women
0,2015-06-08,18:30,World Cup,Group stage,Mon,Neutral,W,3,1,au Australia,,,56.0,31148.0,Abby Wambach,4-4-2,4-3-3,Claudia Umpiérrez,Match Report,,,,,,,,0.0,0.0,2015,United States Women
1,2015-06-12,19:00,World Cup,Group stage,Fri,Neutral,D,0,0,se Sweden,,,51.0,32716.0,Carli Lloyd,4-4-2,4-4-2,Sachiko Yamagishi,Match Report,,,,,,,,0.0,0.0,2015,United States Women
2,2015-06-16,17:00,World Cup,Group stage,Tue,Neutral,W,1,0,ng Nigeria,,,57.0,52193.0,Abby Wambach,4-4-2,4-4-2,Kateryna Monzul,Match Report,,,,,,,,0.0,0.0,2015,United States Women
3,2015-06-22,18:00,World Cup,Round of 16,Mon,Neutral,W,2,0,co Colombia,,,53.0,19412.0,Abby Wambach,4-4-2,4-2-3-1,Stéphanie Frappart,Match Report,,,,,,,,1.0,2.0,2015,United States Women
4,2015-06-26,19:30,World Cup,Quarter-finals,Fri,Neutral,W,1,0,cn China PR,,,56.0,24141.0,Carli Lloyd,4-4-2,4-2-3-1,Carina Vitulano,Match Report,,,,,,,,0.0,0.0,2015,United States Women
5,2015-06-30,19:00,World Cup,Semi-finals,Tue,Neutral,W,2,0,de Germany,,,49.0,51176.0,Carli Lloyd,4-4-2,4-2-3-1,Teodora Albon,Match Report,,,,,,,,1.0,1.0,2015,United States Women
6,2015-07-05,16:00,World Cup,Final,Sun,Neutral,W,5,2,jp Japan,,,48.0,53341.0,Carli Lloyd,4-4-2,4-4-2,Kateryna Monzul,Match Report,,,,,,,,0.0,0.0,2015,United States Women
0,2015-06-08,19:00,World Cup,Group stage,Mon,Neutral,W,1,0,ch Switzerland,,,45.0,25942.0,Aya Miyama,4-4-2,4-4-2,Lucila Venegas,Match Report,,,,,,,,1.0,1.0,2015,Japan Women
1,2015-06-12,19:00,World Cup,Group stage,Fri,Neutral,W,2,1,cm Cameroon,,,57.0,31441.0,Aya Miyama,4-4-2,4-2-3-1,Pernilla Larsson,Match Report,,,,,,,,0.0,0.0,2015,Japan Women
2,2015-06-16,16:00,World Cup,Group stage,Tue,Neutral,W,1,0,ec Ecuador,,,66.0,14522.0,Aya Miyama,4-4-2,4-3-3,Melissa Borjas,Match Report,,,,,,,,0.0,0.0,2015,Japan Women
3,2015-06-23,19:00,World Cup,Round of 16,Tue,Neutral,W,2,1,nl Netherlands,,,48.0,28717.0,Aya Miyama,4-4-2,4-3-3,Lucila Venegas,Match Report,,,,,,,,0.0,0.0,2015,Japan Women
4,2015-06-27,14:00,World Cup,Quarter-finals,Sat,Neutral,W,1,0,au Australia,,,60.0,19814.0,Aya Miyama,4-4-2,4-3-3,Kateryna Monzul,Match Report,,,,,,,,0.0,0.0,2015,Japan Women
5,2015-07-01,17:00,World Cup,Semi-finals,Wed,Neutral,W,2,1,eng England,,,58.0,31467.0,Aya Miyama,4-4-2,4-3-3,Anna-Marie Keighley,Match Report,,,,,,,,1.0,1.0,2015,Japan Women
6,2015-07-05,16:00,World Cup,Final,Sun,Neutral,L,2,5,us USA,,,52.0,53341.0,Aya Miyama,4-4-2,4-4-2,Kateryna Monzul,Match Report,,,,,,,,0.0,0.0,2015,Japan Women
0,2015-06-09,14:00,World Cup,Group stage,Tue,Neutral,L,0,1,fr France,,,42.0,11686.0,Steph Houghton,4-1-4-1,4-4-2,Thalia Mitsi,Match Report,,,,,,,,0.0,0.0,2015,England Women
1,2015-06-13,17:00,World Cup,Group stage,Sat,Neutral,W,2,1,mx Mexico,,,60.0,13138.0,Steph Houghton,4-3-3,4-4-2,Anna-Marie Keighley,Match Report,,,,,,,,0.0,0.0,2015,England Women
2,2015-06-17,16:00,World Cup,Group stage,Wed,Neutral,W,2,1,co Colombia,,,54.0,13862.0,Steph Houghton,4-3-3,4-2-3-1,Carol Anne Chénard,Match Report,,,,,,,,1.0,1.0,2015,England Women
3,2015-06-22,17:00,World Cup,Round of 16,Mon,Neutral,W,2,1,no Norway,,,49.0,19829.0,Steph Houghton,4-2-3-1,4-3-3,Esther Staubli,Match Report,,,,,,,,0.0,0.0,2015,England Women
4,2015-06-27,16:30,World Cup,Quarter-finals,Sat,Neutral,W,2,1,ca Canada,,,42.0,54027.0,Steph Houghton,4-2-3-1,4-3-3,Claudia Umpiérrez,Match Report,,,,,,,,0.0,0.0,2015,England Women
5,2015-07-01,17:00,World Cup,Semi-finals,Wed,Neutral,L,1,2,jp Japan,,,42.0,31467.0,Steph Houghton,4-3-3,4-4-2,Anna-Marie Keighley,Match Report,,,,,,,,1.0,1.0,2015,England Women
6,2015-07-04,16:00,World Cup,Third-place match,Sat,Neutral,W,1,0,de Germany,,,48.0,21483.0,Steph Houghton,3-5-2,4-4-2,Ri Hyang Ok,Match Report,Required Extra Time,,,,,,,1.0,1.0,2015,England Women
0,2015-06-07,16:00,World Cup,Group stage,Sun,Neutral,W,10,0,ci Côte d'Ivoire,,,61.0,20953.0,Nadine Angerer,4-2-3-1,4-2-3-1,Carol Anne Chénard,Match Report,,,,,,,,0.0,0.0,2015,Germany Women
1,2015-06-11,16:00,World Cup,Group stage,Thu,Neutral,D,1,1,no Norway,,,52.0,18967.0,Nadine Angerer,4-2-3-1,4-3-3,Teodora Albon,Match Report,,,,,,,,0.0,0.0,2015,Germany Women
2,2015-06-15,15:00,World Cup,Group stage,Mon,Neutral,W,4,0,th Thailand,,,65.0,26191.0,Nadine Angerer,4-2-3-1,4-2-3-1,Gladys Lengwe,Match Report,,,,,,,,0.0,0.0,2015,Germany Women
3,2015-06-20,16:00,World Cup,Round of 16,Sat,Neutral,W,4,1,se Sweden,,,51.0,22486.0,Nadine Angerer,4-2-3-1,4-4-2,Ri Hyang Ok,Match Report,,,,,,,,1.0,1.0,2015,Germany Women
4,2015-06-26,16:00,World Cup,Quarter-finals,Fri,Neutral,D,1 (5),1 (4),fr France,,,51.0,24859.0,Nadine Angerer,4-2-3-1,4-4-2,Carol Anne Chénard,Match Report,Germany won on penalty kicks following extra time,,,,,,,1.0,1.0,2015,Germany Women
5,2015-06-30,19:00,World Cup,Semi-finals,Tue,Neutral,L,0,2,us USA,,,51.0,51176.0,Nadine Angerer,4-2-3-1,4-4-2,Teodora Albon,Match Report,,,,,,,,0.0,1.0,2015,Germany Women
6,2015-07-04,16:00,World Cup,Third-place match,Sat,Neutral,L,0,1,eng England,,,52.0,21483.0,Nadine Angerer,4-4-2,3-5-2,Ri Hyang Ok,Match Report,Required Extra Time,,,,,,,0.0,0.0,2015,Germany Women
0,2015-06-09,14:00,World Cup,Group stage,Tue,Neutral,W,1,0,eng England,,,58.0,11686.0,Wendie Renard,4-4-2,4-1-4-1,Thalia Mitsi,Match Report,,,,,,,,0.0,0.0,2015,France Women
1,2015-06-13,14:00,World Cup,Group stage,Sat,Neutral,L,0,2,co Colombia,,,60.0,13138.0,Wendie Renard,4-4-2,4-2-3-1,Qin Liang,Match Report,,,,,,,,0.0,0.0,2015,France Women
2,2015-06-17,16:00,World Cup,Group stage,Wed,Neutral,W,5,0,mx Mexico,,,61.0,21562.0,Wendie Renard,4-4-2,4-4-2,Sachiko Yamagishi,Match Report,,,,,,,,0.0,0.0,2015,France Women
3,2015-06-21,16:00,World Cup,Round of 16,Sun,Neutral,W,3,0,kr Korea Rep,,,62.0,15518.0,Wendie Renard,4-4-2,4-2-3-1,Salomé Di Iorio,Match Report,,,,,,,,0.0,0.0,2015,France Women
4,2015-06-26,16:00,World Cup,Quarter-finals,Fri,Neutral,D,1 (4),1 (5),de Germany,,,49.0,24859.0,Wendie Renard,4-4-2,4-2-3-1,Carol Anne Chénard,Match Report,Germany won on penalty kicks following extra time,,,,,,,0.0,0.0,2015,France Women
0,2015-06-06,16:00,World Cup,Group stage,Sat,Neutral,W,1,0,cn China PR,,,62.0,53058.0,Christine Sinclair,4-3-3,4-2-3-1,Kateryna Monzul,Match Report,,,,,,,,1.0,1.0,2015,Canada Women
1,2015-06-11,19:00,World Cup,Group stage,Thu,Neutral,D,0,0,nz New Zealand,,,59.0,35544.0,Christine Sinclair,4-3-3,4-3-3,Bibiana Steinhaus,Match Report,,,,,,,,0.0,0.0,2015,Canada Women
2,2015-06-15,19:30,World Cup,Group stage,Mon,Neutral,D,1,1,nl Netherlands,,,46.0,45420.0,Christine Sinclair,4-3-3,4-3-3,Ri Hyang Ok,Match Report,,,,,,,,0.0,0.0,2015,Canada Women
3,2015-06-21,15:30,World Cup,Round of 16,Sun,Neutral,W,1,0,ch Switzerland,,,50.0,53855.0,Christine Sinclair,4-1-2-1-2◆,4-4-2,Anna-Marie Keighley,Match Report,,,,,,,,0.0,0.0,2015,Canada Women
4,2015-06-27,16:30,World Cup,Quarter-finals,Sat,Neutral,L,1,2,eng England,,,58.0,54027.0,Christine Sinclair,4-3-3,4-2-3-1,Claudia Umpiérrez,Match Report,,,,,,,,0.0,0.0,2015,Canada Women
0,2015-06-08,18:30,World Cup,Group stage,Mon,Neutral,L,1,3,us USA,,,44.0,31148.0,Lisa De Vanna,4-3-3,4-4-2,Claudia Umpiérrez,Match Report,,,,,,,,0.0,0.0,2015,Australia Women
1,2015-06-12,16:00,World Cup,Group stage,Fri,Neutral,W,2,0,ng Nigeria,,,51.0,32716.0,Lisa De Vanna,4-3-3,4-4-2,Stéphanie Frappart,Match Report,,,,,,,,0.0,0.0,2015,Australia Women
2,2015-06-16,18:00,World Cup,Group stage,Tue,Neutral,D,1,1,se Sweden,,,48.0,10177.0,Lisa De Vanna,4-3-3,4-4-2,Lucila Venegas,Match Report,,,,,,,,0.0,0.0,2015,Australia Women
3,2015-06-21,14:00,World Cup,Round of 16,Sun,Neutral,W,1,0,br Brazil,,,48.0,12054.0,Lisa De Vanna,4-2-3-1,4-2-3-1,Teodora Albon,Match Report,,,,,,,,0.0,0.0,2015,Australia Women
4,2015-06-27,14:00,World Cup,Quarter-finals,Sat,Neutral,L,0,1,jp Japan,,,40.0,19814.0,Lisa De Vanna,4-3-3,4-4-2,Kateryna Monzul,Match Report,,,,,,,,0.0,0.0,2015,Australia Women
0,2015-06-06,16:00,World Cup,Group stage,Sat,Neutral,L,0,1,ca Canada,,,38.0,53058.0,Wu Haiyan,4-2-3-1,4-3-3,Kateryna Monzul,Match Report,,,,,,,,0.0,0.0,2015,China PR Women
1,2015-06-11,16:00,World Cup,Group stage,Thu,Neutral,W,1,0,nl Netherlands,,,60.0,35544.0,Wu Haiyan,4-2-3-1,4-3-3,Yeimy Martínez,Match Report,,,,,,,,0.0,0.0,2015,China PR Women
2,2015-06-15,18:30,World Cup,Group stage,Mon,Neutral,D,2,2,nz New Zealand,,,51.0,26191.0,Wu Haiyan,4-2-3-1,4-3-3,Katalin Kulcsár,Match Report,,,,,,,,1.0,1.0,2015,China PR Women
3,2015-06-20,17:30,World Cup,Round of 16,Sat,Neutral,W,1,0,cm Cameroon,,,50.0,15958.0,Wu Haiyan,4-2-3-1,4-2-3-1,Bibiana Steinhaus,Match Report,,,,,,,,0.0,0.0,2015,China PR Women
4,2015-06-26,19:30,World Cup,Quarter-finals,Fri,Neutral,L,0,1,us USA,,,44.0,24141.0,Wu Haiyan,4-2-3-1,4-4-2,Carina Vitulano,Match Report,,,,,,,,0.0,0.0,2015,China PR Women
0,2015-06-09,19:00,World Cup,Group stage,Tue,Neutral,W,2,0,kr Korea Rep,,,62.0,10175.0,Marta,4-3-3,4-2-3-1,Esther Staubli,Match Report,,,,,,,,1.0,1.0,2015,Brazil Women
1,2015-06-13,16:00,World Cup,Group stage,Sat,Neutral,W,1,0,es Spain,,,58.0,28623.0,Marta,4-3-3,4-3-3,Carol Anne Chénard,Match Report,,,,,,,,0.0,0.0,2015,Brazil Women
2,2015-06-18,05:00,World Cup,Group stage,Thu,Neutral,W,1,0,cr Costa Rica,,,64.0,9543.0,Maurine Dorneles Gonçalves,4-4-2,4-2-3-1,Thalia Mitsi,Match Report,,,,,,,,0.0,0.0,2015,Brazil Women
3,2015-06-21,14:00,World Cup,Round of 16,Sun,Neutral,L,0,1,au Australia,,,52.0,12054.0,Marta,4-2-3-1,4-2-3-1,Teodora Albon,Match Report,,,,,,,,0.0,0.0,2015,Brazil Women
0,2015-06-07,13:00,World Cup,Group stage,Sun,Neutral,W,4,0,th Thailand,,,65.0,20953.0,Trine Rønning,4-3-3,4-2-3-1,Anna-Marie Keighley,Match Report,,,,,,,,0.0,1.0,2015,Norway Women
1,2015-06-11,16:00,World Cup,Group stage,Thu,Neutral,D,1,1,de Germany,,,48.0,18967.0,Ingrid Hjelmseth,4-3-3,4-2-3-1,Teodora Albon,Match Report,,,,,,,,0.0,0.0,2015,Norway Women
2,2015-06-15,17:00,World Cup,Group stage,Mon,Neutral,W,3,1,ci Côte d'Ivoire,,,54.0,7147.0,Ingrid Hjelmseth,4-3-3,4-3-3,Salomé Di Iorio,Match Report,,,,,,,,0.0,0.0,2015,Norway Women
3,2015-06-22,17:00,World Cup,Round of 16,Mon,Neutral,L,1,2,eng England,,,51.0,19829.0,Trine Rønning,4-3-3,4-2-3-1,Esther Staubli,Match Report,,,,,,,,0.0,0.0,2015,Norway Women
0,2015-06-08,16:00,World Cup,Group stage,Mon,Neutral,W,6,0,ec Ecuador,,,53.0,25942.0,Christine Manie,4-2-3-1,4-4-1-1,Katalin Kulcsár,Match Report,,,,,,,,3.0,3.0,2015,Cameroon Women
1,2015-06-12,19:00,World Cup,Group stage,Fri,Neutral,L,1,2,jp Japan,,,43.0,31441.0,Christine Manie,4-2-3-1,4-4-2,Pernilla Larsson,Match Report,,,,,,,,0.0,0.0,2015,Cameroon Women
2,2015-06-16,15:00,World Cup,Group stage,Tue,Neutral,W,2,1,ch Switzerland,,,49.0,10177.0,Christine Manie,4-2-3-1,4-4-2,Claudia Umpiérrez,Match Report,,,,,,,,0.0,0.0,2015,Cameroon Women
3,2015-06-20,17:30,World Cup,Round of 16,Sat,Neutral,L,0,1,cn China PR,,,50.0,15958.0,Christine Manie,4-2-3-1,4-2-3-1,Bibiana Steinhaus,Match Report,,,,,,,,0.0,0.0,2015,Cameroon Women
0,2015-06-09,17:00,World Cup,Group stage,Tue,Neutral,D,1,1,mx Mexico,,,44.0,11686.0,Natalia Gaitán,4-2-3-1,4-4-2,Thérèse Neguel,Match Report,,,,,,,,0.0,0.0,2015,Colombia Women
1,2015-06-13,14:00,World Cup,Group stage,Sat,Neutral,W,2,0,fr France,,,40.0,13138.0,Natalia Gaitán,4-2-3-1,4-4-2,Qin Liang,Match Report,,,,,,,,0.0,0.0,2015,Colombia Women
2,2015-06-17,16:00,World Cup,Group stage,Wed,Neutral,L,1,2,eng England,,,46.0,13862.0,Natalia Gaitán,4-2-3-1,4-3-3,Carol Anne Chénard,Match Report,,,,,,,,0.0,0.0,2015,Colombia Women
3,2015-06-22,18:00,World Cup,Round of 16,Mon,Neutral,L,0,2,us USA,,,47.0,19412.0,Natalia Gaitán,4-2-3-1,4-4-2,Stéphanie Frappart,Match Report,,,,,,,,0.0,0.0,2015,Colombia Women
0,2015-06-06,19:00,World Cup,Group stage,Sat,Neutral,W,1,0,nz New Zealand,,,50.0,53058.0,Mandy van den Berg,4-2-3-1,4-3-3,Quetzalli Alvarado,Match Report,,,,,,,,0.0,0.0,2015,Netherlands Women
1,2015-06-11,16:00,World Cup,Group stage,Thu,Neutral,L,0,1,cn China PR,,,40.0,35544.0,Mandy van den Berg,4-3-3,4-2-3-1,Yeimy Martínez,Match Report,,,,,,,,0.0,0.0,2015,Netherlands Women
2,2015-06-15,19:30,World Cup,Group stage,Mon,Neutral,D,1,1,ca Canada,,,54.0,45420.0,Mandy van den Berg,4-3-3,4-3-3,Ri Hyang Ok,Match Report,,,,,,,,0.0,0.0,2015,Netherlands Women
3,2015-06-23,19:00,World Cup,Round of 16,Tue,Neutral,L,1,2,jp Japan,,,52.0,28717.0,Mandy van den Berg,4-3-3,4-4-2,Lucila Venegas,Match Report,,,,,,,,0.0,0.0,2015,Netherlands Women
0,2015-06-09,19:00,World Cup,Group stage,Tue,Neutral,L,0,2,br Brazil,,,38.0,10175.0,Cho So-hyun,4-2-3-1,4-3-3,Esther Staubli,Match Report,,,,,,,,0.0,0.0,2015,Korea Republic Women
1,2015-06-13,19:00,World Cup,Group stage,Sat,Neutral,D,2,2,cr Costa Rica,,,53.0,28623.0,Cho So-hyun,4-2-3-1,4-1-4-1,Carina Vitulano,Match Report,,,,,,,,1.0,1.0,2015,Korea Republic Women
2,2015-06-17,19:00,World Cup,Group stage,Wed,Neutral,W,2,1,es Spain,,,46.0,21562.0,Cho So-hyun,4-2-3-1,4-3-3,Anna-Marie Keighley,Match Report,,,,,,,,0.0,0.0,2015,Korea Republic Women
3,2015-06-21,16:00,World Cup,Round of 16,Sun,Neutral,L,0,3,fr France,,,38.0,15518.0,Cho So-hyun,4-2-3-1,4-4-2,Salomé Di Iorio,Match Report,,,,,,,,0.0,0.0,2015,Korea Republic Women
0,2015-06-08,19:00,World Cup,Group stage,Mon,Neutral,L,0,1,jp Japan,,,55.0,25942.0,Caroline Abbé,4-4-2,4-4-2,Lucila Venegas,Match Report,,,,,,,,0.0,0.0,2015,Switzerland Women
1,2015-06-12,16:00,World Cup,Group stage,Fri,Neutral,W,10,1,ec Ecuador,,,65.0,31441.0,Caroline Abbé,4-4-2,4-2-3-1,Rita Gani,Match Report,,,,,,,,1.0,1.0,2015,Switzerland Women
2,2015-06-16,15:00,World Cup,Group stage,Tue,Neutral,L,1,2,cm Cameroon,,,51.0,10177.0,Martina Moser,4-4-2,4-2-3-1,Claudia Umpiérrez,Match Report,,,,,,,,0.0,0.0,2015,Switzerland Women
3,2015-06-21,15:30,World Cup,Round of 16,Sun,Neutral,L,0,1,ca Canada,,,50.0,53855.0,Caroline Abbé,4-4-2,4-1-2-1-2,Anna-Marie Keighley,Match Report,,,,,,,,0.0,0.0,2015,Switzerland Women
0,2015-06-08,16:00,World Cup,Group stage,Mon,Neutral,D,3,3,ng Nigeria,,,47.0,31148.0,Caroline Seger,4-4-2,4-4-2,Ri Hyang Ok,Match Report,,,,,,,,0.0,0.0,2015,Sweden Women
1,2015-06-12,19:00,World Cup,Group stage,Fri,Neutral,D,0,0,us USA,,,49.0,32716.0,Lotta Schelin,4-4-2,4-4-2,Sachiko Yamagishi,Match Report,,,,,,,,0.0,0.0,2015,Sweden Women
2,2015-06-16,18:00,World Cup,Group stage,Tue,Neutral,D,1,1,au Australia,,,52.0,10177.0,Lotta Schelin,4-4-2,4-3-3,Lucila Venegas,Match Report,,,,,,,,0.0,0.0,2015,Sweden Women
3,2015-06-20,16:00,World Cup,Round of 16,Sat,Neutral,L,1,4,de Germany,,,49.0,22486.0,Caroline Seger,4-4-2,4-2-3-1,Ri Hyang Ok,Match Report,,,,,,,,0.0,0.0,2015,Sweden Women
0,2015-06-07,13:00,World Cup,Group stage,Sun,Neutral,L,0,4,no Norway,,,35.0,20953.0,Duangnapa Sritala,4-2-3-1,4-3-3,Anna-Marie Keighley,Match Report,,,,,,,,0.0,0.0,2015,Thailand Women
1,2015-06-11,19:00,World Cup,Group stage,Thu,Neutral,W,3,2,ci Côte d'Ivoire,,,50.0,18987.0,Duangnapa Sritala,4-2-3-1,4-3-3,Margaret Domka,Match Report,,,,,,,,0.0,0.0,2015,Thailand Women
2,2015-06-15,15:00,World Cup,Group stage,Mon,Neutral,L,0,4,de Germany,,,35.0,26191.0,Duangnapa Sritala,4-2-3-1,4-2-3-1,Gladys Lengwe,Match Report,,,,,,,,0.0,0.0,2015,Thailand Women
0,2015-06-09,16:00,World Cup,Group stage,Tue,Neutral,D,1,1,es Spain,,,44.0,10175.0,Shirley Cruz,4-1-4-1,4-2-3-1,Salomé Di Iorio,Match Report,,,,,,,,0.0,0.0,2015,Costa Rica Women
1,2015-06-13,19:00,World Cup,Group stage,Sat,Neutral,D,2,2,kr Korea Rep,,,47.0,28623.0,Shirley Cruz,4-1-4-1,4-2-3-1,Carina Vitulano,Match Report,,,,,,,,0.0,0.0,2015,Costa Rica Women
2,2015-06-18,05:00,World Cup,Group stage,Thu,Neutral,L,0,1,br Brazil,,,36.0,9543.0,Shirley Cruz,4-2-3-1,4-4-2,Thalia Mitsi,Match Report,,,,,,,,0.0,0.0,2015,Costa Rica Women
0,2015-06-06,19:00,World Cup,Group stage,Sat,Neutral,L,0,1,nl Netherlands,,,50.0,53058.0,Abby Erceg,4-3-3,4-2-3-1,Quetzalli Alvarado,Match Report,,,,,,,,0.0,0.0,2015,New Zealand Women
1,2015-06-11,19:00,World Cup,Group stage,Thu,Neutral,D,0,0,ca Canada,,,41.0,35544.0,Abby Erceg,4-3-3,4-3-3,Bibiana Steinhaus,Match Report,,,,,,,,0.0,1.0,2015,New Zealand Women
2,2015-06-15,18:30,World Cup,Group stage,Mon,Neutral,D,2,2,cn China PR,,,49.0,26191.0,Abby Erceg,4-3-3,4-2-3-1,Katalin Kulcsár,Match Report,,,,,,,,0.0,0.0,2015,New Zealand Women
0,2015-06-09,16:00,World Cup,Group stage,Tue,Neutral,D,1,1,cr Costa Rica,,,56.0,10175.0,Verónica Boquete,4-2-3-1,4-1-4-1,Salomé Di Iorio,Match Report,,,,,,,,0.0,0.0,2015,Spain Women
1,2015-06-13,16:00,World Cup,Group stage,Sat,Neutral,L,0,1,br Brazil,,,42.0,28623.0,Verónica Boquete,4-3-3,4-3-3,Carol Anne Chénard,Match Report,,,,,,,,0.0,0.0,2015,Spain Women
2,2015-06-17,19:00,World Cup,Group stage,Wed,Neutral,L,1,2,kr Korea Rep,,,54.0,21562.0,Verónica Boquete,4-3-3,4-2-3-1,Anna-Marie Keighley,Match Report,,,,,,,,0.0,0.0,2015,Spain Women
0,2015-06-08,16:00,World Cup,Group stage,Mon,Neutral,D,3,3,se Sweden,,,53.0,31148.0,Evelyn Nwabuoku,4-4-2,4-4-2,Ri Hyang Ok,Match Report,,,,,,,,0.0,0.0,2015,Nigeria Women
1,2015-06-12,16:00,World Cup,Group stage,Fri,Neutral,L,0,2,au Australia,,,49.0,32716.0,Evelyn Nwabuoku,4-4-2,4-3-3,Stéphanie Frappart,Match Report,,,,,,,,0.0,0.0,2015,Nigeria Women
2,2015-06-16,17:00,World Cup,Group stage,Tue,Neutral,L,0,1,us USA,,,43.0,52193.0,Evelyn Nwabuoku,4-4-2,4-4-2,Kateryna Monzul,Match Report,,,,,,,,0.0,0.0,2015,Nigeria Women
0,2015-06-09,17:00,World Cup,Group stage,Tue,Neutral,D,1,1,co Colombia,,,56.0,11686.0,Nayeli Rangel,4-4-2,4-2-3-1,Thérèse Neguel,Match Report,,,,,,,,0.0,0.0,2015,Mexico Women
1,2015-06-13,17:00,World Cup,Group stage,Sat,Neutral,L,1,2,eng England,,,40.0,13138.0,Nayeli Rangel,4-4-2,4-3-3,Anna-Marie Keighley,Match Report,,,,,,,,0.0,0.0,2015,Mexico Women
2,2015-06-17,16:00,World Cup,Group stage,Wed,Neutral,L,0,5,fr France,,,39.0,21562.0,Nayeli Rangel,4-4-2,4-4-2,Sachiko Yamagishi,Match Report,,,,,,,,0.0,0.0,2015,Mexico Women
0,2015-06-07,16:00,World Cup,Group stage,Sun,Neutral,L,0,10,de Germany,,,39.0,20953.0,Dominique Thiamale,4-2-3-1,4-2-3-1,Carol Anne Chénard,Match Report,,,,,,,,0.0,0.0,2015,Cote dIvoire Women
1,2015-06-11,19:00,World Cup,Group stage,Thu,Neutral,L,2,3,th Thailand,,,50.0,18987.0,Dominique Thiamale,4-3-3,4-2-3-1,Margaret Domka,Match Report,,,,,,,,0.0,0.0,2015,Cote dIvoire Women
2,2015-06-15,17:00,World Cup,Group stage,Mon,Neutral,L,1,3,no Norway,,,46.0,7147.0,Fatou Coulibaly,4-3-3,4-3-3,Salomé Di Iorio,Match Report,,,,,,,,0.0,0.0,2015,Cote dIvoire Women
0,2015-06-08,16:00,World Cup,Group stage,Mon,Neutral,L,0,6,cm Cameroon,,,47.0,25942.0,Ligia Moreira,4-4-1-1,4-2-3-1,Katalin Kulcsár,Match Report,,,,,,,,0.0,0.0,2015,Ecuador Women
1,2015-06-12,16:00,World Cup,Group stage,Fri,Neutral,L,1,10,ch Switzerland,,,35.0,31441.0,Nancy Aguilar,4-2-3-1,4-4-2,Rita Gani,Match Report,,,,,,,,1.0,1.0,2015,Ecuador Women
2,2015-06-16,16:00,World Cup,Group stage,Tue,Neutral,L,0,1,jp Japan,,,34.0,14522.0,Ligia Moreira,4-3-3,4-4-2,Melissa Borjas,Match Report,,,,,,,,0.0,0.0,2015,Ecuador Women
